chirps,temperature
20.0,31.4444435944
16.0,21.99999915
19.79999924,34.05555725
18.39999962,29.05555725
17.10000038,26.99999915
15.5,23.9999983056
14.69999981,20.94444275
17.10000038,27.7777777778
15.39999962,20.7777786278
16.20000076,28.5000016944
15.0,26.4444435944
17.20000076,28.1111102611
16.0,26.99999915
17.0,28.6111111111
14.39999962,24.6111128056
